Name,Series,Link,Status,As of 
The Gala,Young for You,https://www.youtube.com/watch?v=ncPPgXKGsp4,Available ,2/26/18
Not my brights moment,Whats in the box,http://youtu.be/uDTtwSX-IGk?a ,Missing ,2/26/18
UPDATE,What's to Come,http://youtu.be/BsyI32x9AEE?a,Missing ,2/26/18
I am speechless ,What remains part 4,https://www.youtube.com/watch?v=RiYuY7COtUY,Available ,2/26/18
Little Lives,What remains part 3,https://www.youtube.com/watch?v=bLSwcKIC64Y,Available ,2/26/18
Never Give up,What remains part 2,https://www.youtube.com/watch?v=P9687c3ebcE,Available ,2/26/18
The game is mind-blowing,What remains,https://www.youtube.com/watch?v=NvrbMawDmGU,Available ,2/26/18
Look  We've All Thought of It! ,Whack Your Boss,http://youtu.be/WlU8ZzjSI3o?a,Missing ,2/26/18
Insert nervous talking,Welcome to Hanwell,https://www.youtube.com/watch?v=o84w6AUz4f8,Available ,2/26/18
The Sacraifice,Virginia Part 6,https://www.youtube.com/watch?v=vQh7huCIhho,Available ,2/26/18
How am I still Alive?,Virginia Part 5,https://www.youtube.com/watch?v=xftepyUy8l0,Available ,2/26/18
All of the Men in One room,Virginia Part 4,https://www.youtube.com/watch?v=qOZ1SCrJK2A,Available ,2/26/18
And the pieces fall together,Virginia Part 3,https://www.youtube.com/watch?v=1yOc831QpXM,Available ,2/26/18
We killed her,Virginia Part 2,https://www.youtube.com/watch?v=iu6LdlaB9o8,Available ,2/26/18
The best game ever,Virginia Part 1,https://www.youtube.com/watch?v=cIJJUpp0eFQ,Available ,2/26/18
The Names V..TV,V,https://www.youtube.com/watch?v=6ps5N8oBxxg,Available ,2/26/18
I am God!,Universim Demo,https://www.youtube.com/watch?v=Aa42Um62_vg,Available ,2/26/18
To the trenches,Trench,https://www.youtube.com/watch?v=Da2-3R1k18A,Available ,2/26/18
MY EYES!? ,Towel Required,http://youtu.be/V--abrZSp38?a,Missing ,2/26/18
#birdtuber,Tomi The love bird,https://www.youtube.com/watch?v=yCkm2QcHVjk,Available ,2/26/18
The Rabbits Belly,To the Moon part 9,https://www.youtube.com/watch?v=pr_zprCEW6s&t=1024s,Available ,2/26/18
Failure To Launch,To the Moon part 8,https://www.youtube.com/watch?v=uR3JGgTLRn4,Available ,2/26/18
The music shifts,To the Moon part 7,https://www.youtube.com/watch?v=aWUnYVJJ7DU&t=972s,Available ,2/26/18
I’m Flying,To the Moon part 6,https://www.youtube.com/watch?v=Trwer8FqFbc,Available ,2/26/18
Do you feel any different ,To the Moon part 5,https://www.youtube.com/watch?v=F0SVfFNwXJM&t=1273s,Available ,2/26/18
River and Anya,To the Moon part 4,https://www.youtube.com/watch?v=wMJDvkXPU_0&t=4s,Available ,2/26/18
"Ah, the piano",To the Moon part 3,https://www.youtube.com/watch?v=d6ayaU6bsIM,Available ,2/26/18
"A hop, skip, and a memory",To the Moon part 2,https://www.youtube.com/watch?v=Y8xt6fTtGsU,Available ,2/26/18
Cue The Tears,To the Moon part 10,https://www.youtube.com/watch?v=V-ckeLuF9sg&t=1s,Available ,2/26/18
It’s So Pretty,To the Moon part 1,https://www.youtube.com/watch?v=MtJ_GUoOC_8,Available ,2/26/18
Too Spoopy,They come at pooptime,https://www.youtube.com/watch?v=yfFOW75vGpc&t=15s,Available ,2/26/18
Makin' it Rain ,There's Poop In My Soup!,http://youtu.be/7laxaIcToZM?a,Missing ,2/26/18
Beat My Score  I DARE YOU! ,The Worlds Easyest Game,http://youtu.be/EtECe2Q9w4g?a,Missing ,2/26/18
Alliens,The white chamber,https://www.youtube.com/watch?v=5wFt6c-Ux2Y,Available ,2/26/18
My Life According ,The Way of Life,http://youtu.be/yrTu9r9tFfo?a,Missing ,2/26/18
This game will leave you devastated,The Static,https://www.youtube.com/watch?v=q9ZQfZ8K2_s,Available ,2/26/18
Let's Do the Time Warp Again ,The Silent Age,http://youtu.be/V5tkAr7cVtM?a,Missing ,2/26/18
Aliens ,The Silent Age,http://youtu.be/S1_LDAyjnsE?a,Missing ,2/26/18
Lovecraftian Story Time,The Rats in the walls,https://www.youtube.com/watch?v=avryqmpZtvI,Available ,2/26/18
It’s all for nothing!,The plan,https://www.youtube.com/watch?v=xgkly_qz4bA,Available ,2/26/18
I Am Stick Man Sign Man ,The Pedestrian,http://youtu.be/q8ebooMPrE8?a,Missing ,2/26/18
The eggtopus,The old tree,https://www.youtube.com/watch?v=AUmmADpcWq4,Available ,2/26/18
Mutated Barbie,The morgue Demo,https://www.youtube.com/watch?v=gGokR3DYa9Y&t=29s,Available ,2/26/18
Who would you kill,The Moral Machine,https://www.youtube.com/watch?v=d-iz85QdJZA&t=1s,Available ,2/26/18
Supernatural Niore Detective ,The monster inside,https://www.youtube.com/watch?v=HW5XRAu6Zf8,Available ,2/26/18
Not for Children,The littlest Penguin,https://www.youtube.com/watch?v=-wb_T8B8AYg,Available ,2/26/18
The final composition,the lions song 2,https://www.youtube.com/watch?v=dS3mTW3Ti30&t=15s,Available ,2/26/18
Can you feel the music ,The lions Song,https://www.youtube.com/watch?v=QUlL1vh47f8&t=8s,Available ,2/26/18
Bon Voyage,The journey Begins,https://www.youtube.com/watch?v=Yg_o68YIwys,Available ,2/26/18
AAAHHH HOW!? ,The Fall of Lazarus Demo,http://youtu.be/bYzHfash-Tk?a ,Missing ,2/26/18
The most ridiculous combat ever,The crooked Man part 9,https://www.youtube.com/watch?v=RJV-i_5vwto,Available ,2/26/18
There is no key,The crooked Man part 8,https://www.youtube.com/watch?v=dA_zFxeidJs,Available ,2/26/18
Catch me outside,The crooked Man part 7,https://www.youtube.com/watch?v=ShJId_l7Hd8,Available ,2/26/18
Kill it with fire,The crooked Man part 6,https://www.youtube.com/watch?v=smqYL1ez7hY,Available ,2/26/18
Why don’t you run,The crooked Man part 5,https://www.youtube.com/watch?v=RaQoyomXE9M,Available ,2/26/18
Oh hello,The crooked Man part 4,https://www.youtube.com/watch?v=FYufzghh6Pk,Available ,2/26/18
Doors,The crooked Man part 3,https://www.youtube.com/watch?v=n7opiktXFaI,Available ,2/26/18
And the jump scares begin,The crooked Man part 2,https://www.youtube.com/watch?v=NcyV0Lv8J2Y,Available ,2/26/18
"I am He, He is me",The crooked Man part 13,https://www.youtube.com/watch?v=myE3IYx4Jso,Available ,2/26/18
Its all about mommy,The crooked Man part 12,https://www.youtube.com/watch?v=g65CWthm32k,Available ,2/26/18
There’s a fluffy in the wall,The crooked Man part 11,https://www.youtube.com/watch?v=h_V6MpcR7LU,Available ,2/26/18
Here kitty kitty,The crooked Man part 10,https://www.youtube.com/watch?v=T92k7bOAypc,Available ,2/26/18
There was a crooked RPG,The crooked Man part 1,https://www.youtube.com/watch?v=OCtQYlxuhXc,Available ,2/26/18
SHERLOCK HOLMES!? ,The Adventures of Bertram Fiddle:Episode 1 - Part 2,http://youtu.be/fzk9kQkT8Xw?a,Missing ,2/26/18
My Orridges! ,The Adventures of Bertram Fiddle:Episode 1 - Part 1,http://youtu.be/i4DHww8eppw?a,Missing ,2/26/18
I BROKE THE GAME ,The Adventures of Bertram Fiddle: Episode 1 - Part 3,http://youtu.be/xkpyDLWJshY?a,Missing ,2/26/18
Post surgery surgeon sim,Surgeon Simulator ,https://www.youtube.com/watch?v=i741MQOEc2E&t=576s,Available ,2/26/18
Bull! My Favorite Glitch ,Stuck in a Pig,http://youtu.be/W9iXup0V0LY?a,Missing ,2/26/18
The Sewer Kids,Stifiled Demo,https://www.youtube.com/watch?v=Px0eVPavAVQ,Available ,2/26/18
NO MORE RIDDLES ,Stay Close - Part 3,http://youtu.be/4vPwTfVjyBQ?a,Missing ,2/26/18
Richard  No ,Stay Close - Part 2,http://youtu.be/Qo7WHbIV8vU?a,Missing ,2/26/18
"Theories, Onto the nest",Stardrop part 5,https://www.youtube.com/watch?v=QE7wjMTiF84,Available ,2/26/18
Free Reign,Stardrop part 4,https://www.youtube.com/watch?v=E5tUIcx7JWE,Available ,2/26/18
It’ Shows compassion ,Stardrop Part 3,https://www.youtube.com/watch?v=Q9slcXFqBpc,Available ,2/26/18
Hide the aliens,Stardrop part 2,https://www.youtube.com/watch?v=SyPCF7jubRc,Available ,2/26/18
Missions in Zero Gravity,Stardrop Echos,https://www.youtube.com/watch?v=A53OOKXmNv8,Available ,2/26/18
Space exploration 101,Stardrop,https://www.youtube.com/watch?v=aiNcacs6fRU,Available ,2/26/18
Space Exploration for Real ,Stardrop,https://www.youtube.com/watch?v=REeqsUD5AKg,Available ,2/26/18
Just A Reminder,Stanger Danger!,http://youtu.be/zTnoEQJPBe8?a,Missing ,2/26/18
Olive Meat ,Spime,http://youtu.be/hcatcJii3Ms?a,Missing ,2/26/18
WHERES MY GOLD! ,Sort the Court,http://youtu.be/0YaaXlYh_bA?a,Missing ,2/26/18
Now this is fascinating ,Sore,https://www.youtube.com/watch?v=SuWsztsqMYk,Available ,2/26/18
NO WAY!,Small Radios Big Televisions  part 4,https://www.youtube.com/watch?v=5Ixe9N5Ckr8,Available ,2/26/18
Again with the giant head,Small Radios Big Televisions  part 3,https://www.youtube.com/watch?v=vYapj3Ag_xY,Available ,2/26/18
Orientation,Small Radios Big Televisions  part 2,https://www.youtube.com/watch?v=4X2HCHDR5FI,Available ,2/26/18
Now this gets the cogs rolling,Small Radios Big Televisions ,https://www.youtube.com/watch?v=WvN_TqQ0fZ0,Available ,2/26/18
Story Challenge,Sister Corner,https://www.youtube.com/watch?v=Zki_VUjblM8&t=1s,Available ,2/26/18
Story Challenge 2,Sister Corner,https://www.youtube.com/watch?v=51p6yBEUzmk,Available ,2/26/18
Hannah is,Sister Corner,https://www.youtube.com/watch?v=sDcrNWqTHXY,Available ,2/26/18
"Say the same thing, and a song",Sister Corner,https://www.youtube.com/watch?v=VH_ux69DAdA,Available ,2/26/18
Lets get meta,Silence of the sleep 1,https://www.youtube.com/watch?v=1REzIVT2jgk,Available ,2/26/18
Gameception,Sigmund Minisode Part 2,https://www.youtube.com/watch?v=Tmfx1KVR84E,Available ,2/26/18
Neil’s Gift,Sigmund Minisode Part 1,https://www.youtube.com/watch?v=CqF6OiBsgRY,Available ,2/26/18
Surprise!,Sigmund Minisode 2,https://www.youtube.com/watch?v=R1AE7sJiXNk,Available ,2/26/18
So under rated,Shadow of the night,https://www.youtube.com/watch?v=DOwmZCghHz8,Available ,2/26/18
Theories Confirmed,Salad Fingers,https://www.youtube.com/watch?v=NSNgcpQ42tQ,Available ,2/26/18
Ready Aim Pee,Safety First,https://www.youtube.com/watch?v=WErOEY5QTwI,Available ,2/26/18
A place called Sacramento,Sacramento,https://www.youtube.com/watch?v=JdE9CMJBLdo,Available ,2/26/18
Cannibalism: a Case for murder,Rants,https://www.youtube.com/watch?v=YnIh5lWtW0o&t=105s,Available ,2/26/18
Is there an excuse for fraud ,rants,https://www.youtube.com/watch?v=h9MSP3v_axg&t=1s,Available ,2/26/18
All my friends are A**holes,Rant,https://www.youtube.com/watch?v=h9_v0fenzb0&t=121s,Available ,2/26/18
Supermeat,Rant,https://www.youtube.com/watch?v=v8yKJreY1o8,Available ,2/26/18
Intelligence is So Attractive,Rant,https://www.youtube.com/watch?v=Zyhuw9CjJ_U&t=17s,Available ,2/26/18
Me Trying to Flirt,Rant,https://www.youtube.com/watch?v=zh02WxQMAp0,Available ,2/26/18
What the fortune cookie,Rant,https://www.youtube.com/watch?v=qPpiHURe8EA,Available ,2/26/18
Fresh Pickles,Rant,https://www.youtube.com/watch?v=W2EoR-M7UGk,Available ,2/26/18
Where’s my arm,Rant,https://www.youtube.com/watch?v=7NuvRiFjWfA,Available ,2/26/18
Trusting food after the squirts,rant,https://www.youtube.com/watch?v=DIZC8rGzlDs,Available ,2/26/18
Everything wrong with the anti unicorn frappe ad,Rant,https://www.youtube.com/watch?v=qKtj7oCmR_I,Available ,2/26/18
Bothered,Rant,https://www.youtube.com/watch?v=6slN2x-BfKs,Available ,2/26/18
Really Google. . . ,Rant,http://youtu.be/Mk83LRGaGmI?a,Missing ,2/26/18
Horror Nights ,Rant,http://youtu.be/CjgOHS3_Ehw?a,Missing ,2/26/18
A Day With My Best Friend  PMS ,Rant,http://youtu.be/dYuKVtKzZAA?a ,Missing ,2/26/18
Silent Hill PT,Punity,https://www.youtube.com/watch?v=zFmBoNmjSH8,Available ,2/26/18
This left me speechless,Presentable Library,https://www.youtube.com/watch?v=9ZjjVPeSG80,Available ,2/26/18
Uuuuuuuuhhh WHAT,Pre Alpha Demo,https://www.youtube.com/watch?v=GhlxvY64lnM,Available ,2/26/18
Spoiler Alert,Plug and play,https://www.youtube.com/watch?v=fSO2x-UQ2Zo,Available ,2/26/18
Clowns  Forest  No! ,Play with me (feat. Forest),http://youtu.be/lj25m8It3Cs?a,Missing ,2/26/18
How Are You Different? ,Philosophy,http://youtu.be/0iPOpFRzWVg?a,Missing ,2/26/18
Did not see that coming,Oxenfree part 6,https://www.youtube.com/watch?v=yLiScj5N9-A,Available ,2/26/18
The Adler house,Oxenfree part 5,https://www.youtube.com/watch?v=wyLnN-TA6zw,Available ,2/26/18
The dead rising,Oxenfree part 4,https://www.youtube.com/watch?v=IxDzJtKub74,Available ,2/26/18
Never ending Darkness,Oxenfree part 3,https://www.youtube.com/watch?v=EfysWxsomYI,Available ,2/26/18
What the what?,Oxenfree part 2,https://www.youtube.com/watch?v=xgQo0-yeRKY,Available ,2/26/18
Why haven’t In played this sooner?,Oxenfree part 1,https://www.youtube.com/watch?v=WSl0k7kpweA,Available ,2/26/18
Stop chasing me,Outlast part 3,https://www.youtube.com/watch?v=D1q0QkAEvLQ,Available ,2/26/18
SHHHHH,Outlast part 2,https://www.youtube.com/watch?v=FZb87C29sOM,Available ,2/26/18
Welcome to mount massive,Outlast part 1,https://www.youtube.com/watch?v=kiC8KIVOWlQ,Available ,2/26/18
MIND BLOWN ,Only If - Part 1,http://youtu.be/zyc09Pbyn-k?a,Missing ,2/26/18
Never Black Out at a Party ,Only If,http://youtu.be/uiZDX9e2YrM?a,Missing ,2/26/18
Oh yes,One Night,https://www.youtube.com/watch?v=0ATwAoIJQwg,Available ,2/26/18
The Final Journey,Olson’s Jounrey 4,https://www.youtube.com/watch?v=bEY_ifIwM_o,Available ,2/26/18
No rhyme or reason,Olson’s Jounrey 3,https://www.youtube.com/watch?v=GsKvjHFTN3U,Available ,2/26/18
Olson leaves his chair,Olson’s Jounrey 2,https://www.youtube.com/watch?v=RUtbUsUTpLI,Available ,2/26/18
Shortest Gameplay Ever,Olson’s Jounrey,https://www.youtube.com/watch?v=h22TF_ACSE0,Available ,2/26/18
Demon Butts,Normed Demo,https://www.youtube.com/watch?v=hiOOFd7oAhI,Available ,2/26/18
This just got to real,Night in the woods part 6,https://www.youtube.com/watch?v=l83kFHn9t2c,Available ,2/26/18
My Beautiful Creation,Night in the woods part 5,https://www.youtube.com/watch?v=6H99vy9mayE,Available ,2/26/18
The drunken dreams of Mae,Night in the woods part 4,https://www.youtube.com/watch?v=SUr_W55PTIY,Available ,2/26/18
Tacos,Night in the woods part 3,https://www.youtube.com/watch?v=q5iWU7hzS3Y,Available ,2/26/18
Oh Wow,Night in the woods part 13,https://www.youtube.com/watch?v=5SDZ_rBBU9s,Available ,2/26/18
Nope,Night in the woods 14,https://www.youtube.com/watch?v=yxvStxoA3JQ,Available ,2/26/18
Cheshire? Is that you?,Night in the woods  part 9,https://www.youtube.com/watch?v=k0gLB2MphiM,Available ,2/26/18
The hunt begins,Night in the woods  part 8,https://www.youtube.com/watch?v=uhpk8KjmNJI,Available ,2/26/18
Who Dat,Night in the woods  part 7,https://www.youtube.com/watch?v=M_GxXNQSDN0,Available ,2/26/18
I need a Nap,Night in the woods  part 2,https://www.youtube.com/watch?v=sKPp2ryakvk,Available ,2/26/18
NO! They wouldn’t ,Night in the woods  part 12,https://www.youtube.com/watch?v=CPc75Ne4zts,Available ,2/26/18
Hello little Joe ,Night in the woods  part 11,https://www.youtube.com/watch?v=DvgdGpX08vw,Available ,2/26/18
Bye Bye Baby,Night in the woods  part 10,https://www.youtube.com/watch?v=b03pq2GOlvc,Available ,2/26/18
"No one let me join a band, ever",Night in the woods ,https://www.youtube.com/watch?v=L6D8HB_XEbI&t=633s,Available ,2/26/18
Heart Attack,Never-ending Nightmare part 5,https://www.youtube.com/watch?v=jj80i3Ws5qQ,Available ,2/26/18
The good wife,Never-ending Nightmare part 4,https://www.youtube.com/watch?v=-U3oZLyB_AM,Available ,2/26/18
Hello Counselor,Never-ending Nightmare part 3,https://www.youtube.com/watch?v=qAFLqN-fQRo,Available ,2/26/18
Man baby asylum,Never-ending Nightmare part 2,https://www.youtube.com/watch?v=N9yFjTunKTg,Available ,2/26/18
The beauty of horror,Never-ending Nightmare,https://www.youtube.com/watch?v=cp5ucjmyT6M,Available ,2/26/18
On My Last Straw! ,Never Alone (Kisima Ingitchuna) - Part4,http://youtu.be/GyucwkxYw_A?a ,Missing ,2/26/18
The Island is Alive ,Never Alone (Kisima Ingitchuna) - Part 2,http://youtu.be/wZxODosaaGo?a ,Missing ,2/26/18
The Journey Begins ,Never Alone (Kisima Ingitchuna),http://youtu.be/SAU7Tr42r-w?a,Missing ,2/26/18
FOX! NO! Oh. . . Well Okay ,Never Alone - Part 3,http://youtu.be/alQ2AWmZhnE?a,Missing ,2/26/18
We've Made a Fatal Error ,Nancy Drew:The Haunting of Castle Malloy - Part 5,http://youtu.be/Whp5I3WinP4?a,Missing ,2/26/18
Oho oh  Otters! ,Nancy Drew:The Haunting of Castle Malloy - Part 2,http://youtu.be/l10qDKw48ws?a,Missing ,2/26/18
Unregulated & Uncensored ,Nancy Drew:The Haunting of Castle Malloy,http://youtu.be/dcA4zxtPItQ?a,Missing ,2/26/18
Things We Can Do To Her ,Nancy Drew:Haunting of Castle Malloy - Part 3,http://youtu.be/GPN5A2lAmQ8?a,Missing ,2/26/18
Still boring Stukasa,My virgin boy 2,https://www.youtube.com/watch?v=UeAP8BRxipc,Available ,2/26/18
Rant ,Motorcycles,http://youtu.be/NPyC4ifUXIw?a,Missing ,2/26/18
What is a Harambe!?,Morirai,https://www.youtube.com/watch?v=w5qqrydV6Dw&t=12s,Available ,2/26/18
The Beginners ,Mom's Letter,http://youtu.be/_MC3xeVYFqU?a,Missing ,2/26/18
Conclusions ,Moirai - Part 2,http://youtu.be/YkPx9w8Q4dg?a,Missing ,2/26/18
Teddy Bears,Mind Eyes,https://www.youtube.com/watch?v=R4iIYT7bQMk,Available ,2/26/18
Break my spirt ,Menagerie Archive,https://www.youtube.com/watch?v=XoUxALlQZEg,Available ,2/26/18
Patience is a virtue,Marshmallow,https://www.youtube.com/watch?v=JIKvBsa3YG8&t=1s,Available ,2/26/18
Why I like subway,Make me a sandwich,https://www.youtube.com/watch?v=UodwEKELi9o&t=161s,Available ,2/26/18
Sandwich rants,Make me a sandwich,https://www.youtube.com/watch?v=FkTVMFDDQKU,Available ,2/26/18
"Speak no evil, see no evil",Lurking,https://www.youtube.com/watch?v=sXykEPB73xg,Available ,2/26/18
Here Doggy? Doggy? ,Lost in Vivo,http://youtu.be/lgGIiBzq2nE?a,Missing ,2/26/18
It’s senior discount Tuesday,Lord of the aisle,https://www.youtube.com/watch?v=j2JEmhEsj84,Available ,2/26/18
I'm Lost ,Loom - Part 2,http://youtu.be/swz2x2ccWdQ?a,Missing ,2/26/18
It's so pretty! ,Loom - Part 1,http://youtu.be/d2-WCJs0yjo?a,Missing ,2/26/18
A very merry murder,Long live Santa,https://www.youtube.com/watch?v=YZYi_DMkpeA,Available ,2/26/18
The chef,little nightmares part 6,https://www.youtube.com/watch?v=wG4Fx0GUUTc,Available ,2/26/18
Raging = broken games,little nightmares part 5,https://www.youtube.com/watch?v=Xja8hxonFuI,Available ,2/26/18
Salad Fingers,Little Nightmares part 4,https://www.youtube.com/watch?v=qyPy60IUkzU,Available ,2/26/18
What is my purpose,Little Nightmares part 3,https://www.youtube.com/watch?v=jAtFManBb1U,Available ,2/26/18
A new set of nightmares,Little Nightmares part 2,https://www.youtube.com/watch?v=T9YGEz2kucw,Available ,2/26/18
Well thats not safe,Little Nightmares part 1,https://www.youtube.com/watch?v=4GKUPm1_jac,Available ,2/26/18
Nathan Prescott’s confession,Life is strange: Episode 5 part 2,https://www.youtube.com/watch?v=2o8Y4brN7So,Available ,2/26/18
Bae or Bay,Life is strange: Episode 5 ending,https://www.youtube.com/watch?v=Z8zhqRM0KCw,Available ,2/26/18
The Dark Room,Life is strange: Episode 5,https://www.youtube.com/watch?v=HCrcgDn1Co0,Available ,2/26/18
Killer Confirmed,Life is strange: Episode 4 part 4,https://www.youtube.com/watch?v=bR-h_i_jrcQ,Available ,2/26/18
Secrets from the dead,Life is strange: Episode 4 part 3,https://www.youtube.com/watch?v=HSIg3L0LLnw,Available ,2/26/18
Evidential Progress,Life is strange: Episode 4 2,https://www.youtube.com/watch?v=3LPGdGpZt64,Available ,2/26/18
The consequences of my actions,Life is strange: Episode 4,https://www.youtube.com/watch?v=J0_gNdWSV9A,Available ,2/26/18
What we missed,Life is strange: episode 3 part 4,https://www.youtube.com/watch?v=RBBCpMRhxbY,Available ,2/26/18
What Have I done,Life is strange: episode 3 part 3,https://www.youtube.com/watch?v=ym16fKd9Yv8,Available ,2/26/18
Stiring the pot,Life is strange: episode 3 part 2,https://www.youtube.com/watch?v=p768sCYsf3Q,Available ,2/26/18
I had to touch the fish tank,Life is strange: Episode 3,https://www.youtube.com/watch?v=z1wTReScweE,Available ,2/26/18
I hate bonfires,Life is strange: Episode 2 part 2,https://www.youtube.com/watch?v=hoTK703s_3Q,Available ,2/26/18
Leap of Faith,Life is strange: Episode 2 3,https://www.youtube.com/watch?v=nQNQRheYi8M,Available ,2/26/18
Gone Viral,Life is strange: Episode 2,https://www.youtube.com/watch?v=wHqIqp_zZ8w,Available ,2/26/18
Bye bye birdie,Life is strange: Episode 1 part 3,https://www.youtube.com/watch?v=IoBmi0IY6Ag,Available ,2/26/18
Allegations,Life is strange: Episode 1 part 2,https://www.youtube.com/watch?v=cCi9DxVbIzM&t=679s,Available ,2/26/18
Hell-oh Mr. Jefferson,Life is strange: Episode 1,https://www.youtube.com/watch?v=5_8DlwYfe5o,Available ,2/26/18
Saving Chloe ,Life Is strange episode 6,https://www.youtube.com/watch?v=cjDj9ikcbgw,Available ,2/26/18
Just Listen,Let’s get real,https://www.youtube.com/watch?v=X9BqdToDsg4&t=291s,Available ,2/26/18
Why I asked for trolling,Let’s get real,https://www.youtube.com/watch?v=ro5wIuO2Y1w,Available ,2/26/18
My battle with antidepressants ,Let’s get real,https://www.youtube.com/watch?v=YuUEd_bYjsY&t=422s,Available ,2/26/18
Withdrawal Update,Let’s get real,https://www.youtube.com/watch?v=YjMsmSpwpo0,Available ,2/26/18
Dealing with bullies,Let’s get real,https://www.youtube.com/watch?v=Bj5zPoPAzd8,Available ,2/26/18
Regarding reactions to the Manchester bombing,Let’s get real,https://www.youtube.com/watch?v=UGMzRCDxQQ8&t=99s,Available ,2/26/18
Nice try Comcast,Let’s get real,https://www.youtube.com/watch?v=wXVqdBjN_ak,Available ,2/26/18
I love it,Kynseed,https://www.youtube.com/watch?v=GFeol5EttAs,Available ,2/26/18
Private Dick Kenz,Kona Part 1,https://www.youtube.com/watch?v=QLckq3k_qzk,Available ,2/26/18
Woah! So not cool,Kissing therapy ,https://www.youtube.com/watch?v=YZj18vwb-24&t=1s,Available ,2/26/18
The arm shaving Experience ,Kenz Tries,https://www.youtube.com/watch?v=qNp8RweM9x4,Available ,2/26/18
This will keep me from being awkward,Just listen ,https://www.youtube.com/watch?v=hPUmcMtZ0Dc,Available ,2/26/18
I win?,Jump to Win,https://www.youtube.com/watch?v=BPFCTD7nn9s,Available ,2/26/18
The best layover ever,Journey Journal,https://www.youtube.com/watch?v=2EP7ABUUJvU,Available ,2/26/18
I can’t believe we did this,Journey Journal,https://www.youtube.com/watch?v=dMHIBlI7Tu4,Available ,2/26/18
The country festival,Journey Journal,https://www.youtube.com/watch?v=21WUE08X7YA,Available ,2/26/18
Just my luck,Journey Journal,https://www.youtube.com/watch?v=Zc3BFFpGdxc,Available ,2/26/18
Laundry Day,Journey Journal,https://www.youtube.com/watch?v=mBpgM2BBP2A,Available ,2/26/18
My thoughts on FSC Millport,Journey Journal,https://www.youtube.com/watch?v=zDS4rNaSC3Q,Available ,2/26/18
Good news bad news,Journey Journal,https://www.youtube.com/watch?v=PugTOcfh9ok&t=1s,Available ,2/26/18
Challenges ,Jelly Bean Roulette feat. Yerushalom,http://youtu.be/8SBAs1Wi48w?a,Missing ,2/26/18
THIS GAME AH SO EXCITED ,IRA: Act 1,https://www.youtube.com/watch?v=4MUA2C74sbU,Available ,2/26/18
Ooooh  Questing Doesn't End Well ,Impossible Quest - Part 1,http://youtu.be/7rMA3tFhmFQ?a,Missing ,2/26/18
"IDC what you say, this is the best game ever",Im still,https://www.youtube.com/watch?v=Tc9w9uACs10,Available ,2/26/18
Find Meh ,I don’t even know,http://youtu.be/Hm2bKLNmW-k?a,Missing ,2/26/18
Beat My Score,I dare you,http://youtu.be/EtECe2Q9w4g?a,Missing ,2/26/18
This game is pure breaded Evil,I am bread,https://www.youtube.com/watch?v=P_o-VoHTDE0,Available ,2/26/18
His first horror game,Human,https://www.youtube.com/watch?v=Ej2UukEoSYI,Available ,2/26/18
Home Sweet Ho… Where am I?,Home Sweet Home,https://www.youtube.com/watch?v=hXNsOWd8eRY&t=8s,Available ,2/26/18
Hello Darkness my old Friend,Hellen Keller Experience, https://www.youtube.com/watch?v=wqpB-5I1IRA,Available ,2/26/18
Call me a bull in a china shop,Handle with care,https://www.youtube.com/watch?v=hwkXcLki9WU,Available ,2/26/18
Lesson Learned,Guilt,https://www.youtube.com/watch?v=JVi_41i0wW0,Available ,2/26/18
oh.,Gone Home part 5,https://www.youtube.com/watch?v=tvPOHkCOZwU,Available ,2/26/18
So much No,Gone Home part 4,https://www.youtube.com/watch?v=KUiTJCgOyhE&t=5s,Available ,2/26/18
Into the Passage! ,Gone Home Part 3,http://youtu.be/8tYr6hmO5lw?a,Missing ,2/26/18
OH GOOD,Gone Home part 2,https://www.youtube.com/watch?v=WGqmFl9-ius,Available ,2/26/18
I’m dead on the inside,Gone Home Part 1,https://www.youtube.com/watch?v=GbGr1VR6WJY,Available ,2/26/18
The story behind my favorite book,Get to know kenz,https://www.youtube.com/watch?v=LbQEzAt81ZA&t=58s,Available ,2/26/18
Butter cat will protect me,Freddy Fazbears pizzaria,https://www.youtube.com/watch?v=rDBH_jpO4jY,Available ,2/26/18
You’re coming with me,Firewatch part 9,https://www.youtube.com/watch?v=j8U_--t0Hcc,Available ,2/26/18
Cave of Secrets,Firewatch part 8,https://www.youtube.com/watch?v=RzRMSawA7e4,Available ,2/26/18
Secrets Unfolded,Firewatch part 7,https://www.youtube.com/watch?v=90am9eTjLtQ,Available ,2/26/18
*Cough Cough*,Firewatch part 6,https://www.youtube.com/watch?v=FcalsfHmezU&t=4s,Available ,2/26/18
Questionable Relationships,Firewatch part 5,https://www.youtube.com/watch?v=Rj-f93BehXM,Available ,2/26/18
Claws of Steel for Fred,Firewatch part 4,https://www.youtube.com/watch?v=CI7Jjbp87kE,Available ,2/26/18
FREW!…. Broke it,Firewatch part 3,https://www.youtube.com/watch?v=giJH7b7Nhzg,Available ,2/26/18
Day One,Firewatch part 2,https://www.youtube.com/watch?v=hLHlc_8Nj40,Available ,2/26/18
I’m a boyfriend,Firewatch part 1,https://www.youtube.com/watch?v=lwipe5KYa3c,Available ,2/26/18
Its not what you think,Fingered,https://www.youtube.com/watch?v=BdtrOiOkqMw,Available ,2/26/18
The last flight,Finding Paradise 4,https://www.youtube.com/watch?v=LowON2jHRuc&t=13s,Available ,2/26/18
I remember,Finding Paradise 3,https://www.youtube.com/watch?v=yWmYCKeSXWQ&t=12s,Available ,2/26/18
To the past,Finding Paradise  2,https://www.youtube.com/watch?v=T_wfIs_0GlI&t=1049s,Available ,2/26/18
What are your wishes,Finding Paradise ,https://www.youtube.com/watch?v=CFytTFyy8kc&t=1222s,Available ,2/26/18
If I was a Hero ,Failman,http://youtu.be/JHxpv3qsayI?a,Missing ,2/26/18
The Greed Machine,Exoptatble Money,https://www.youtube.com/watch?v=QWOvvubJmhI,Available ,2/26/18
Well this doesn’t feel good,Emily is away,https://www.youtube.com/watch?v=RHBZpOXUsg0,Available ,2/26/18
What Whaaat,Dreams of Annabelle Sunray,https://www.youtube.com/watch?v=wWNRHzwg6pc,Available ,2/26/18
Everything I touch Breaks,"Dr. Langeskov, The",https://www.youtube.com/watch?v=uADcDduqo9w,Available ,2/26/18
*WARNING* sensitive content ,Don’t take this,https://www.youtube.com/watch?v=kmdALSLBwyo,Available ,2/26/18
I’m a surviveor,Don’t Starve,https://www.youtube.com/watch?v=u1uhE2E6_GI,Available ,2/26/18
Don’t trust anything ,Doki Doki Literature Club 7,https://www.youtube.com/watch?v=R-6FSJSklH0,Available ,2/26/18
One biggest decision,Doki Doki Literature Club 6,https://www.youtube.com/watch?v=xS7VN0KD9LQ,Available ,2/26/18
The big day is near,Doki Doki Literature Club 5,https://www.youtube.com/watch?v=i69dRuugljA,Available ,2/26/18
They’re learning,Doki Doki Literature Club 4,https://www.youtube.com/watch?v=R7G3mDy-VfM,Available ,2/26/18
Monika Advice could save you,Doki Doki Literature Club 3,https://www.youtube.com/watch?v=JNSdnywXv4I,Available ,2/26/18
I like breakfast,Doki Doki Literature Club 2,https://www.youtube.com/watch?v=t7WDJzFgF0E,Available ,2/26/18
This is a psychological horror,Doki Doki Literature Club,https://www.youtube.com/watch?v=fzK6ckKK45o,Available ,2/26/18
Isolation and the mind,Discussing Presentable,https://www.youtube.com/watch?v=jvYiCIn6rMQ&t=17s,Available ,2/26/18
This game will mess with your mind,Dead Man’s,https://www.youtube.com/watch?v=_YNtwWAeJXs,Available ,2/26/18
The End We Missed ,Dead Man's Journey,http://youtu.be/eooRXCCDK6k?a,Missing ,2/26/18
Curious and curiouser ,Dead,https://www.youtube.com/watch?v=iAn_dHpGB5M&t=13s,Available ,2/26/18
I date no one!,Date almost anything ,https://www.youtube.com/watch?v=aChzPvc2TsQ&t=7s,Available ,2/26/18
Blow,Dandelion,https://www.youtube.com/watch?v=Zl8rHpziOSw,Available ,2/26/18
Welcome to My Cabin ,Cube Escape: The Lake,http://youtu.be/KdORfXCebyU?a ,Missing ,2/26/18
I GIVE UP. ,Cube Escape Seasons,http://youtu.be/nBtWPGxACS0?a,Missing ,2/26/18
I Love It! ,Contra Joure,http://youtu.be/ui4CJXjEHys?a,Missing ,2/26/18
Chicken Man,Continuous,https://www.youtube.com/watch?v=NjP8bnvrKhQ&t=7s,Available ,2/26/18
Rant ,Chicken Pot Pies Are Amazing!,http://youtu.be/gtLYEKxQKgc?a ,Missing ,2/26/18
Reading mean comments,Challenges,https://www.youtube.com/watch?v=GoyTuaTvA9Q&t=7s,Available ,2/26/18
Chubby Bunny Feat Forest,Challenges,https://www.youtube.com/watch?v=Kh_G61VZlKw&t=2s,Available ,2/26/18
I Challenge the Internet! ,Challenges,http://youtu.be/wm-69zRXerM?a,Missing ,2/26/18
Catching Cooties! ,Catch Your Chance,http://youtu.be/667MH0IhoDs?a,Missing ,2/26/18
Kenz and Friends Uncensored,Cards against humanity ,https://www.youtube.com/watch?v=w9RrnZsvVeY&t=6s,Available ,2/26/18
I will change you,Building up my virgin boy,https://www.youtube.com/watch?v=TO1W0J1HvOk&t=852s,Available ,2/26/18
Simon says,Blackwood Crossing,https://www.youtube.com/watch?v=o4ZfVYbq2ys&t=1s,Available ,2/26/18
Nerves and Screams ,Black Rose,http://youtu.be/L_toq9gTs5k?a,Missing ,2/26/18
Comeaway with me,Bird Story part 2,https://www.youtube.com/watch?v=AvDb65twZNw,Available ,2/26/18
Paperplanes: a 100th episode surprise ,Bird story,https://www.youtube.com/watch?v=DYlq2faOSdc,Available ,2/26/18
The memories are coming back,Best Luck,https://www.youtube.com/watch?v=QVRk84BO1Qo&t=19s,Available ,2/26/18
Control you self bendy,Bendy and the ink machine 2,https://www.youtube.com/watch?v=oLDu3P_QpC4,Available ,2/26/18
I inked myself,Bendy and the ink machine,https://www.youtube.com/watch?v=hdoNmfpb4aI,Available ,2/26/18
Hell is empty,Before the storm Episode 3,https://www.youtube.com/watch?v=azTYynv_JEA,Available ,2/26/18
Dirty Little Secret,Before the storm Episode 2 4,https://www.youtube.com/watch?v=gIVNgzgsAVY,Available ,2/26/18
About Time,Before the storm Episode 2 3,https://www.youtube.com/watch?v=8bgxWUY-B30,Available ,2/26/18
Daddy Dearest,Before the storm Episode 2 2,https://www.youtube.com/watch?v=VTkTjZ4ynHw,Available ,2/26/18
Expelled,Before the storm Episode 2,https://www.youtube.com/watch?v=EQx83aC6Ua8,Available ,2/26/18
Burn baby burn,Before the storm Episode 1 4,https://www.youtube.com/watch?v=Y45dQxL61tY,Available ,2/26/18
All aboard ,Before the storm Episode 1 3,https://www.youtube.com/watch?v=AKC1wwJcfpE,Available ,2/26/18
Prescotts first picture book,Before the storm Episode 1 2,https://www.youtube.com/watch?v=Y-M4Fr6N67k,Available ,2/26/18
Taking it in,Before the storm Episode 1,https://www.youtube.com/watch?v=oZpKyN28UW8,Available ,2/26/18
The end of the beginning ,Before the storm 3 4,https://www.youtube.com/watch?v=RpPQN15v9x4&t=27s,Available ,2/26/18
Many more lesson,Before the storm 3 3,https://www.youtube.com/watch?v=dJps_dyqvpg,Available ,2/26/18
Stick a knife in it,Before the storm 3 2,https://www.youtube.com/watch?v=M9g0liJAgtc&t=145s,Available ,2/26/18
Near Rage ,Beautiful Nightmare,http://youtu.be/GW0C8gFI43A?a,Missing ,2/26/18
An Emotional Roller Coaster ,Awkward Dimensions Redux,http://youtu.be/6gfWhe9wjAI?a,Missing ,2/26/18
Lend me your butt,Astrocreep,https://www.youtube.com/watch?v=FRdvUdk3nkE,Available ,2/26/18
He didn’t even notice,anciety,https://www.youtube.com/watch?v=W1dwkwa1vE0&t=715s,Available ,2/26/18
"Kenz Asks, subs answer",All about you,https://www.youtube.com/watch?v=jXayZLBZepI,Available ,2/26/18
I'm Done! ,A Normal Lost Phone,http://youtu.be/eq-45OCRo-g?a,Missing ,2/26/18
Final Goodbyes, bird story part 3,https://www.youtube.com/watch?v=bw_vhABSxXs,Available ,2/26/18
Unmedicated and Dysfunctional,,https://www.youtube.com/watch?v=ICMH-_V0LEM,Available ,2/26/18
Teach me about you,,https://www.youtube.com/watch?v=h3JsDdZ7kEc,Available ,2/26/18
My Roof! What do I do,,https://www.youtube.com/watch?v=dNlXG4XQ_Nc,Available ,2/26/18
WE DID IT 100 Subs,,https://www.youtube.com/watch?v=EPtCVpCByD4,Available ,2/26/18
100 sub surprise reveal,,https://www.youtube.com/watch?v=SjZqKDmhZCM,Available ,2/26/18
Live Escape room Esacapale Moments,,https://www.youtube.com/watch?v=MBHSSDMq4Yw,Available ,2/26/18
6 stupid questions that are actually brilliant ,,https://www.youtube.com/watch?v=935B8cWmZIk,Available ,2/26/18
A heart to heart,,https://www.youtube.com/watch?v=HhvVJYEi8Iw&t=317s,Available ,2/26/18
Kenz’s funnyst scares,,https://www.youtube.com/watch?v=IEI6auQ3Edg,Available ,2/26/18
I want to tour and I’m stuck,,https://www.youtube.com/watch?v=WmMrDImRLlo,Available ,2/26/18
WTF internet I was only gone for 3 days,,https://www.youtube.com/watch?v=NFgsyeBqpBI&t=51s,Available ,2/26/18
Where are you going?,,https://www.youtube.com/watch?v=VPhpqjI4R2I&t=177s,Available ,2/26/18
The prerelease is here,,https://www.youtube.com/watch?v=drnC5-AR-QM,Available ,2/26/18
Surgery Update and a huge thank you,,https://www.youtube.com/watch?v=ztsMDJaaJQc&t=64s,Available ,2/26/18
Googly Kenz Reaction,,https://www.youtube.com/watch?v=SU8YStfdY9Q&t=32s,Available ,2/26/18
Miss Dr Who ,,https://www.youtube.com/watch?v=13iXD-XHt8k,Available ,2/26/18
Happy Birthday escapades,,https://www.youtube.com/watch?v=Zhy4GVqhjyY,Available ,2/26/18
The game break strikes Again and I don’t even game,,https://www.youtube.com/watch?v=YJdusNgqsoY,Available ,2/26/18
This cheap skin care really works ,,https://www.youtube.com/watch?v=VtJqbqwujwI&t=5s,Available ,2/26/18
Big yeti microphone,,https://www.youtube.com/watch?v=9ajUhTnLH5o&t=35s,Available ,2/26/18
Goorin Bros. Commercial,,https://www.youtube.com/watch?v=O0HBlo53thQ,Available ,2/26/18
Sorry,,https://www.youtube.com/watch?v=9m9No6VGBo8,Available ,2/26/18
Personal blurb,,https://www.youtube.com/watch?v=Nn9pbNhoXCc,Available ,2/26/18
Taste testing my sibling creations,,https://www.youtube.com/watch?v=OOTWAenPL18,Available ,2/26/18
Its been a year! Withdrawl Updates,,https://www.youtube.com/watch?v=W8rnltAlcMQ,Available ,2/26/18
So many things for us to be proud of Thank You,,https://www.youtube.com/watch?v=VpzMuXnXU1Y,Available ,2/26/18
Poems by you,,https://www.youtube.com/watch?v=0yk89yEOvJM&t=61s,Available ,2/26/18
Ken’s dating advice ,,https://www.youtube.com/watch?v=zG9GCD2zPXI&t=1s,Available ,2/26/18
An experiment how far can I reach ,,https://www.youtube.com/watch?v=-AgB-aIr3wo,Available ,2/26/18
Thank you updates im nervyus ,,https://www.youtube.com/watch?v=Ivf2tD_F5Ig&t=121s,Available ,2/26/18
Naughty or nice,,https://www.youtube.com/watch?v=iQRaCaW9ur0&t=20s,Available ,2/26/18
This is Sparta ,,https://www.youtube.com/watch?v=tVlx9iu1uPo&t=4s,Available ,2/26/18
Technical Difficulties ,,https://www.youtube.com/watch?v=fqdlrAXUqmc&t=3s,Available ,2/26/18
Auburn Quarry,,https://www.youtube.com/watch?v=V4FT8Z3Spfo&t=83s,Available ,2/26/18
#Iamacreator,,https://www.youtube.com/watch?v=6areM65Qlvg,Available ,2/26/18
Making of I am a creator,,https://www.youtube.com/watch?v=sTqGnnmadVE,Available ,2/26/18
Being the witch ,,https://www.youtube.com/watch?v=8Wo6ZxlEGVQ,Available ,2/26/18
Into the woods at house of Oliver,,https://www.youtube.com/watch?v=Wqma4JRX_ls,Available ,2/26/18
"Dear youtube, watch me",,https://www.youtube.com/watch?v=vOO7XBYx_p4&t=4s,Available ,2/26/18
We’re setting new beauty trends ,,https://www.youtube.com/watch?v=mxp8J9_gW8s&t=98s,Available ,2/26/18
Thank YOU!,,http://youtu.be/IIwV2CTV3IM?a,Missing ,2/26/18
So This Happened,,http://youtu.be/uWVkOG592sY,Missing ,2/26/18
 Have a Confession That Will Make You Angry,,http://youtu.be/UYumOBq9-Ck?a,Missing ,2/26/18
You're Invited to a Treasure Hunt!,,http://youtu.be/dRmQEdayV9M?a,Missing ,2/26/18
Kenz and Tomi Play Would You Rather,,http://youtu.be/nQNRq6DSp-0?a,Missing ,2/26/18
Conversations with Myself - Kids Say the Darndest Things,,http://youtu.be/5G-0NULwRNI?a,Missing ,2/26/18
A Visually Stunning Demo - A Second Before Us (Demo),,http://youtu.be/QxcUuLRGnd0?a,Missing ,2/26/18
I'M BAAAAAAACK,,http://youtu.be/-uVjJBbkzb4?a,Missing ,2/26/18
ESCAPE UPDATE!!!!,,http://youtu.be/a9Es3Nlqrt0?a,Missing ,2/26/18
Changes and Announcements!,,http://youtu.be/X7WQFmX9Bec?a,Missing ,2/26/18
Happy Thanksgiving! I'm thankful for you :),,http://youtu.be/R_8uZZfQti4?a,Missing ,2/26/18
YETI,,http://youtu.be/N4HQ8q-Sj_A?a,Missing ,2/26/18
Announcments and Thank You's :),,http://youtu.be/SHqnCjgXbAg?a ,Missing ,2/26/18
Youtube Update,,https://www.youtube.com/watch?v=KnC9YkMJGrE&lc=z22jx3cgyvblvv3cvacdp434at4kqetgypdmtqvg5i5w03c010c.1516463701638545s,Missing ,2/26/18
Were setting new beuty trends, friends, https://www.youtube.com/watch?v=mxp8J9_gW8s&t=31s, Available, 3/1/18
If the world were run by children, once upon a coma, https://www.youtube.com/watch?v=9-4mH0xaoIM,Available 3/1/18


